id,news_type,href,title,datetime,content
33,要闻,https://new.qq.com/rain/a/20250523A05V3U00,家中查出2亿现金，祖坟挖出3公斤金砖？重庆一足浴店老板被指受贿中转站，曾私吞贿款,2025-05-23 15:28:02.000000,hello world
34,要闻,https://new.qq.com/rain/a/20250522A09TN400,人民日报评论：过紧日子不等于削减干部正当的薪金待遇,2025-05-22 22:44:08.000000,hello world
35,要闻,https://new.qq.com/rain/a/UTR2025052306593400,美国取消哈佛留学生合法身份行为被叫停,2025-05-23 20:04:02.889110,hello world
36,要闻,https://new.qq.com/rain/a/20250523A06P3H00,美又一州想封禁中国人购地，美华裔教授：没想到有一天会因自己的民族被迫卖房,2025-05-23 16:39:04.000000,hello world
37,要闻,https://new.qq.com/rain/a/20250523A07QIX00,韩国大选临近，首尔现“滚回中国”反华抗议，中餐馆老板：前所未有,2025-05-23 17:53:29.000000,hello world
38,财经,https://new.qq.com/rain/a/20250523A06P5H00,何立峰分别会见美国花旗集团董事长杜颂安、凯雷投资集团首席执行官施瓦茨,2025-05-23 16:39:12.000000,hello world
39,财经,https://new.qq.com/rain/a/20250523A07OVX00,两部门：境外上市募集资金、减持或转让股份所得资金原则上应汇回境内,2025-05-23 17:50:14.000000,hello world
40,财经,https://new.qq.com/rain/a/UTR2024123000669000,A股集体回调沪指跌近1%，14点突然放量跳水，发生了什么,2025-05-23 20:04:02.889110,hello world
41,财经,https://new.qq.com/rain/a/20250523A06TFV00,投服中心原董事长夏建亭被双开：违规入股拟上市公司，干扰发行审核,2025-05-23 16:49:18.000000,hello world
42,财经,https://new.qq.com/rain/a/20250523A086KV00,李嘉诚旗下长实集团一楼盘涉贪污造假、偷工减料，香港廉政公署出手,2025-05-23 18:29:16.000000,hello world
43,科技,https://new.qq.com/rain/a/UTR2025052101213100,10年投500亿元造芯，雷军在赌什么？,2025-05-23 20:04:02.889110,hello world
44,科技,https://new.qq.com/rain/a/UTR2025052305702100,Manus都点赞的Claude 4，究竟好在哪儿？,2025-05-23 20:04:02.889110,hello world
45,科技,https://new.qq.com/rain/a/20250523A03F8B00,前华人首富自曝美国狱中生活：与双重杀人犯同住，出狱后我看透了这些,2025-05-23 16:50:00.000000,hello world
46,科技,https://new.qq.com/rain/a/20250523A052GI00,苹果最新官宣！事关换购享额外折抵优惠,2025-05-23 13:59:14.000000,hello world
47,科技,https://new.qq.com/rain/a/20250523A06LIF00,Flowith，10个95后想把自由思考变成Agent,2025-05-23 16:31:29.000000,hello world
48,娱乐,https://new.qq.com/rain/a/20250523V04E0400,全网播放超20亿！颜人中发出灵魂拷问：能开上体育场级别演唱会吗？,2025-05-23 12:06:32.000000,hello world
49,娱乐,https://new.qq.com/rain/a/20250523A061PW00,易烊千玺新片为戛纳国产片争口气？入围影片口碑参差，尺度捅破天花板,2025-05-23 15:45:13.000000,hello world
50,娱乐,https://new.qq.com/rain/a/UTR2025052109481100,国家话剧院60余名演员及同事齐发文缅怀朱媛媛,2025-05-23 20:04:02.889110,hello world
51,娱乐,https://new.qq.com/rain/a/UTR2025051603756400,《歌手》第二期歌单：单依纯唱王菲《天空》，马嘉祺阿云嘎受期待,2025-05-23 20:04:02.889110,hello world
52,娱乐,https://new.qq.com/rain/a/20250523V06CDO00,张学友演唱会撞期高考，遭多名市民投诉要求延期，当地多部门回应,2025-05-23 16:12:37.000000,hello world
53,体育,https://new.qq.com/rain/a/RLV2025052309199700,世乒赛1/4决赛：梁靖崑再胜一局3-2领先林诗栋 ,2025-05-23 16:09:29.000000,hello world
54,体育,https://new.qq.com/rain/a/RLV2025052309200000,世乒赛女单1/4决赛：伊藤美诚3-1王艺迪,2025-05-23 16:06:46.000000,hello world
55,体育,https://new.qq.com/rain/a/UTR2024081600855800,时代落幕！皇马官宣65岁安帅离任 将办告别仪式致敬 两度带队夺15冠,2025-05-23 20:04:02.889110,hello world
56,体育,https://new.qq.com/rain/a/UTR2025052212615200,连丢两盘！王曦雨无缘法网正赛，中国选手6人战资格赛全部出局,2025-05-23 20:04:02.889110,hello world
57,体育,https://new.qq.com/rain/a/UTR2025031600543400,游泳冠军赛综述：唐钱婷破赛会纪录+张雨霏晋级 潘展乐冲击双金,2025-05-23 20:04:02.889110,hello world
58,国际,https://new.qq.com/rain/a/20250523A06WJ400,伊美第五轮谈判陷僵局 专家：以色列威胁施压或致地区局势升级,2025-05-23 16:56:30.000000,hello world
59,国际,https://new.qq.com/rain/a/20250523A06ORJ00,特朗普与内塔尼亚胡通话，“涉及伊核谈判”,2025-05-23 16:38:14.000000,hello world
60,国际,https://new.qq.com/rain/a/20250523A07GRJ00,俄外长称俄乌将举行第二轮谈判 否认谈判地点在梵蒂冈,2025-05-23 17:24:48.000000,hello world
61,国际,https://new.qq.com/rain/a/20250523A07EB400,南非总统拉马福萨谈访美成果：促进双边贸易和投资,2025-05-23 17:33:04.000000,hello world
62,军事,https://new.qq.com/rain/a/20250523V063FN00,朝鲜驱逐舰下水事故最新调查结果：船底无破洞 船尾救生通道流入海水,2025-05-23 15:49:00.000000,hello world
63,军事,https://new.qq.com/rain/a/20250523A06YD700,俄决定在俄乌边境建立安全缓冲区 专家：强化防御同时增加谈判筹码,2025-05-23 17:01:08.000000,hello world
64,军事,https://new.qq.com/rain/a/20250523A06PKR00,俄国防部称在多地摧毁112架乌无人机,2025-05-23 16:39:40.000000,hello world
65,军事,https://new.qq.com/rain/a/20250523A06ORC00,损失三架“超级大黄蜂”后，美“杜鲁门”号结束部署,2025-05-23 16:38:14.000000,hello world
66,军事,https://new.qq.com/rain/a/20250523A05DQU00,“美国考虑从韩国撤军”，韩国防部回应,2025-05-23 14:34:01.000000,hello world
67,汽车,https://new.qq.com/rain/a/UTR2024021900069200,高合复活？中东商人入主，还发起投票考虑过恒大汽车和哪吒汽车,2025-05-23 20:04:02.889110,hello world
68,汽车,https://new.qq.com/rain/a/20250523A05VQF00,比亚迪加入“一口价”阵营，海鸥智驾版车型降至5.58万元,2025-05-23 15:29:39.000000,hello world
69,汽车,https://new.qq.com/rain/a/20250523V00UH900,电池安全新规发布：新能源车价格普涨2万，但车险费用或下降15%-20%,2025-05-23 07:00:00.000000,hello world
70,汽车,https://new.qq.com/rain/a/20250523A047PV00,比亚迪、特斯拉都亏了！新能源车保险生意到底难在哪？,2025-05-23 11:49:54.000000,hello world
71,汽车,https://new.qq.com/rain/a/UTR2025052110718700,王炸来了！小米YU7逐个参数对标Model Y，实车未到销售已忙到凌晨,2025-05-23 20:04:02.889110,hello world
72,教育,https://new.qq.com/rain/a/20250523A04XU800,哈佛留学生恐变“非法移民”被迫转学？特朗普“一刀斩断”留学未来？,2025-05-23 13:42:17.000000,hello world
73,教育,https://new.qq.com/rain/a/20250522A04EYR00,教育部拟同意设置32所“新大学” 公示名单详情,2025-05-22 11:50:09.000000,hello world
74,教育,https://new.qq.com/rain/a/20250521A0A51100,学历，还有用吗？,2025-05-21 22:35:33.000000,hello world
75,教育,https://new.qq.com/rain/a/20250523A01JX700,禁招国际学生  特朗普政府对哈佛大学下狠手,2025-05-23 07:24:12.000000,hello world
76,教育,https://new.qq.com/rain/a/20250523A04SFF00,留美越来越像一场赌博，特朗普禁止哈佛招收国际生可能只是开始,2025-05-23 13:11:27.000000,hello world
77,健康,https://new.qq.com/rain/a/20250523V03EH500,2030年70%的人将超重？冰箱里的食物谁才是“隐形肥胖”真凶？,2025-05-23 16:57:11.000000,hello world
78,健康,https://new.qq.com/rain/a/UTR2025051507725600,脱口秀演员贾耗发来邀请：今日宜养生，更宜大笑！,2025-05-23 20:04:02.889110,hello world
79,健康,https://new.qq.com/rain/a/20250523V06HJ400,一半人患病不自知，“无声杀手”高血压，如何悄悄“偷走”生命？,2025-05-23 16:24:02.000000,hello world
80,健康,https://new.qq.com/rain/a/20250523V03G9W00,孩子发烧起疹别慌：儿科医生详解两种正在高发的儿童传染病,2025-05-23 10:47:54.000000,hello world
81,健康,https://new.qq.com/rain/a/20250523A04HMY00,果糖伤肝还升尿酸，那水果还能放心吃吗？,2025-05-23 12:01:05.000000,hello world
82,游戏,https://new.qq.com/rain/a/UTR2025052012787200,人气大超预期《胜利女神》横扫各大平台！海外玩家酸了,2025-05-23 20:04:02.889110,hello world
83,游戏,https://new.qq.com/rain/a/20250523A05MUZ00,年入4.9亿却凉凉？又一韩国MMORPG在本土停运，玩家：被运营毁了,2025-05-23 18:34:50.000000,hello world
84,游戏,https://new.qq.com/rain/a/20250523A0688Q00,无畏契约手游开发者日志公布，手机上也能爽玩纯正瓦端竞技,2025-05-23 18:35:20.000000,hello world
85,游戏,https://new.qq.com/rain/a/20250523A07MRH00,“刚买的飞机”最好用的一次！风靡30多年的皇牌空战有多好玩,2025-05-23 18:35:45.000000,hello world
86,游戏,https://new.qq.com/rain/a/20250522A0A36N00,国内最高规格的街霸赛事，为何陷入了“假赛”风波？,2025-05-23 10:43:55.000000,hello world
87,科学,https://new.qq.com/rain/a/20250523V05SLY00,红色预警响了3小时，广西山洪仍酿惨剧｜预警失灵背后的三道断层,2025-05-23 15:20:33.000000,hello world
88,科学,https://new.qq.com/rain/a/20250523V06EKE00,气候变化威胁3500多种动物，为何帝企鹅首当其冲？70年后或灭绝,2025-05-23 17:05:00.000000,hello world
89,科学,https://new.qq.com/rain/a/20250523A0325400,太阳系外的异类行星，不到24小时就公转一次，它们从何处而来？,2025-05-23 10:16:46.000000,hello world
90,科学,https://new.qq.com/rain/a/20250523A04XXI00,大型研究显示：AI大热两年半，完全没颠覆我们的工作,2025-05-23 13:38:36.000000,hello world
91,科学,https://new.qq.com/rain/a/20250523V04W8O00,千万小心，这种“野菜”7片叶子就能致死！,2025-05-23 13:30:15.000000,hello world
92,历史,https://new.qq.com/rain/a/20250419A020F600,两桩唐朝时期的刑事案件，窥见那个时代的真相,2025-04-19 08:24:02.000000,hello world
93,历史,https://new.qq.com/rain/a/20250321V064SY00,为什么朱元璋要 给功臣们赏赐丹书铁券 ,2025-03-22 10:35:00.000000,hello world
94,历史,https://new.qq.com/rain/a/20250226A0A7CQ00,古代最另类的皇帝，废掉自己的“年号”，并且不再使用,2025-03-01 07:30:00.000000,hello world
95,历史,https://new.qq.com/rain/a/20250110A00XPN00,​张玉亮 | 北宋女尼引起的官场地震,2025-01-10 02:00:09.000000,hello world
96,历史,https://new.qq.com/rain/a/20241231V08K5C00,被放逐的女王：提尔皮茨号的孤独与毁灭！二战德国最后的战列舰，提尔皮茨号覆亡记！,2024-12-31 20:30:00.000000,hello world
97,体育,https://new.qq.com/rain/a/UTR2025043005136600,多哈世乒赛：国乒“莎头”进决赛！狂轰3-0胜韩国，将与日本争冠军,2025-05-23 20:04:02.889110,hello world
